Image_ID,Propotion_Accuracy,Line_Accuracy,Shadin_Quality,Completion_Time,Task_Type
IMG_0001,0.812362036,0.821247086,0.713919813,18.68908654,Tracing
IMG_0002,0.985214292,0.918447074,0.979396902,14.57202039,Sketching
IMG_0003,0.919598183,0.938608075,0.814267756,15.00282641,Sketching
IMG_0004,0.879597545,0.910126833,0.932801463,15.76399241,Shading
IMG_0005,0.746805592,0.774795115,0.752576375,18.3107132,Tracing
IMG_0006,0.746798356,0.800837392,0.7,18.44610334,Tracing
IMG_0007,0.717425084,0.759121191,0.7,18.46862768,Tracing
IMG_0008,0.959852844,0.982811848,0.907201895,14.30609068,Sketching
IMG_0009,0.880334504,0.876826218,0.902676719,16.33886162,Shading
IMG_0010,0.912421773,0.829373727,1,16.49510002,Sketching
IMG_0011,0.706175348,0.727656259,0.7,20.00239924,Tracing
IMG_0012,0.990972956,1,0.999024781,14.57798261,Sketching
IMG_0013,0.949732792,0.963311734,0.938523497,15.34101029,Sketching
IMG_0014,0.763701733,0.7,0.810695539,17.61777569,Tracing
IMG_0015,0.75454749,0.700494663,0.769471254,18.65034848,Tracing
IMG_0016,0.755021353,0.807678996,0.7023835,17.82625107,Tracing
IMG_0017,0.791272673,0.789294915,0.768938897,18.70403772,Tracing
IMG_0018,0.857426929,0.891501964,0.80170512,15.35272957,Shading
IMG_0019,0.829583506,0.830999424,0.904904005,17.19661774,Tracing
IMG_0020,0.787368742,0.788856549,0.788860557,18.49057621,Tracing
IMG_0021,0.883555868,0.930470059,1,16.93049649,Shading
IMG_0022,0.741848158,0.716045922,0.737601901,21.56531129,Tracing
IMG_0023,0.787643395,0.792449433,0.738054921,18.53514911,Tracing
IMG_0024,0.809908553,0.786794789,0.703948546,16.84731711,Tracing
IMG_0025,0.836820995,0.815096184,0.710601218,17.35222082,Tracing
IMG_0026,0.935552788,0.920094182,0.824663272,14.19046184,Sketching
IMG_0027,0.759902135,0.771008823,0.778601,18.52086823,Tracing
IMG_0028,0.854270332,0.8303329,0.889881083,16.35288897,Tracing
IMG_0029,0.877724371,0.940512177,0.767041022,17.74952472,Shading
IMG_0030,0.713935124,0.7,0.776587806,18.74143287,Tracing
IMG_0031,0.882263456,0.872919873,0.848449182,16.64928225,Shading
IMG_0032,0.751157237,0.729170684,0.761432748,18.0970836,Tracing
IMG_0033,0.719515478,0.791864372,0.832370922,20.94611918,Tracing
IMG_0034,0.984665661,0.9944934,1,14.90877232,Sketching
IMG_0035,0.98968961,1,0.970892465,16.98721289,Sketching
IMG_0036,0.942519204,0.868241186,0.880135749,16.6763637,Sketching
IMG_0037,0.791384131,0.804736644,0.7,18.61130477,Tracing
IMG_0038,0.729301634,0.773783174,0.7,19.42920863,Tracing
IMG_0039,0.905269908,0.909384107,0.890490791,16.81474868,Sketching
IMG_0040,0.832045748,0.885319767,0.762943181,15.5916412,Shading
IMG_0041,0.73661147,0.710747048,0.727423483,18.67194455,Tracing
IMG_0042,0.848553073,0.919020445,0.853932705,18.11686188,Shading
IMG_0043,0.710316556,0.825261463,0.7,19.29635447,Tracing
IMG_0044,0.972796121,0.954654193,0.92729594,14.00286834,Sketching
IMG_0045,0.777633994,0.755358868,0.789439822,18.28308563,Tracing
IMG_0046,0.898756685,0.971425909,0.929692531,18.22275524,Shading
IMG_0047,0.793513323,0.87249193,0.717185387,19.34419187,Shading
IMG_0048,0.856020406,0.829877405,0.954785673,17.0976899,Tracing
IMG_0049,0.864013084,0.843003743,0.857111915,17.99125302,Tracing
IMG_0050,0.755456337,0.741367106,0.75677581,18.30164793,Tracing
IMG_0051,0.990875388,0.923652863,1,13.43299759,Sketching
IMG_0052,0.932539847,0.88660725,0.948864976,15.08743631,Sketching
IMG_0053,0.981849682,0.931642644,1,16.83514353,Sketching
IMG_0054,0.968448205,0.930058327,0.988546897,15.19928384,Sketching
IMG_0055,0.879369994,0.877635749,0.836499377,16.56606612,Shading
IMG_0056,0.976562271,0.988273007,1,15.05172775,Sketching
IMG_0057,0.726547751,0.804072775,0.7,21.00592033,Tracing
IMG_0058,0.758794859,0.708877157,0.766394038,20.24403603,Tracing
IMG_0059,0.713568187,0.762784307,0.711242087,21.51525743,Tracing
IMG_0060,0.797599099,0.786899657,0.783030919,17.8769683,Tracing
IMG_0061,0.816603187,0.814130001,0.807605561,18.04657669,Tracing
IMG_0062,0.78140471,0.815145684,0.7,16.76228681,Tracing
IMG_0063,0.948621253,0.892485152,0.910210509,17.24761563,Sketching
IMG_0064,0.807025998,0.826146485,0.813525141,16.72683048,Tracing
IMG_0065,0.784280353,0.792602963,0.7954703,18.45257027,Tracing
IMG_0066,0.862808825,0.887431388,0.790871565,15.9605651,Shading
IMG_0067,0.742277267,0.7567357,0.830876816,18.27697416,Tracing
IMG_0068,0.940659094,1,0.880026855,15.05285116,Sketching
IMG_0069,0.722365193,0.7,0.790227197,18.55664684,Tracing
IMG_0070,0.996066081,0.969516233,1,14.51988608,Sketching
IMG_0071,0.931673431,0.900516404,0.886437519,15.47662974,Sketching
IMG_0072,0.759614704,0.731840849,0.883886467,19.43911334,Tracing
IMG_0073,0.701656635,0.7,0.7,18.37028768,Tracing
IMG_0074,0.944638429,1,1,16.050965,Sketching
IMG_0075,0.912057203,0.983082416,0.982097965,17.5371011,Sketching
IMG_0076,0.91870215,0.890164836,0.871758736,15.70627138,Sketching
IMG_0077,0.931381104,0.889763325,1,15.31136455,Sketching
IMG_0078,0.722213396,0.745784173,0.704710139,18.93627444,Tracing
IMG_0079,0.807539719,0.779928566,0.827748273,19.06662943,Tracing
IMG_0080,0.734760718,0.766407309,0.752983247,19.17269686,Tracing
IMG_0081,0.958931028,0.969077179,0.949529416,15.08482029,Sketching
IMG_0082,0.886989438,0.811202232,0.943746017,17.17903508,Tracing
IMG_0083,0.799269407,0.876644668,0.854813618,16.90866674,Shading
IMG_0084,0.719067505,0.808861389,0.7,19.89534693,Tracing
IMG_0085,0.793294697,0.762655262,0.884598514,18.50918686,Tracing
IMG_0086,0.797554997,0.778169919,0.7,17.72886658,Tracing
IMG_0087,0.918881854,0.933175123,0.991160088,15.3781864,Sketching
IMG_0088,0.891267241,0.907990081,0.970136601,15.74431046,Shading
IMG_0089,0.966163823,0.999091036,0.889796173,16.04235999,Sketching
IMG_0090,0.841664478,0.942174704,0.812907477,18.60401334,Shading
IMG_0091,0.735878274,0.727030912,0.7,18.32451815,Tracing
IMG_0092,0.913973436,0.874058574,0.898928964,16.74878516,Sketching
IMG_0093,0.928235515,0.859269553,0.906673115,13.98944026,Sketching
IMG_0094,0.868383159,0.831836657,0.922959397,16.38963488,Tracing
IMG_0095,0.931290154,0.929633805,1,15.99958876,Sketching
IMG_0096,0.848138679,0.937866572,0.945836546,16.3682364,Shading
IMG_0097,0.856819849,0.830939284,0.817468087,16.21119589,Tracing
IMG_0098,0.828262306,0.839451703,0.813616774,16.90828586,Tracing
IMG_0099,0.707625738,0.706804593,0.7,19.67780666,Tracing
IMG_0100,0.732367428,0.791787092,0.7,18.82715956,Tracing
IMG_0101,0.709428756,0.835775377,0.77696837,17.12033743,Tracing
IMG_0102,0.890923123,0.864379685,1,14.515453,Shading
IMG_0103,0.794306794,0.769834822,0.707902373,17.47853291,Tracing
IMG_0104,0.852571207,0.904779251,0.811098709,17.66911848,Shading
IMG_0105,0.972269942,1,0.970421539,12.66844602,Sketching
IMG_0106,0.774787669,0.867123035,0.79439895,17.87845479,Shading
IMG_0107,0.823114877,0.852311286,0.766442631,17.12702899,Shading
IMG_0108,0.926665342,0.908700737,0.956349615,17.48835765,Sketching
IMG_0109,0.76863945,0.798172191,0.735470695,18.08538644,Tracing
IMG_0110,0.723093973,0.778529152,0.722082314,19.53657939,Tracing
IMG_0111,0.786925436,0.827949545,0.825165333,18.3373756,Tracing
IMG_0112,0.748366386,0.773730088,0.748815945,16.64393773,Tracing
IMG_0113,0.978909296,1,0.948362283,16.08456778,Sketching
IMG_0114,0.942436114,1,0.934763428,16.0788548,Sketching
IMG_0115,0.890021127,0.959129077,0.88383572,17.15795174,Shading
IMG_0116,0.961438177,0.993873671,0.935537405,19.50466505,Sketching
IMG_0117,0.941101623,0.932745719,0.922985899,13.79936271,Sketching
IMG_0118,0.755971018,0.763306702,0.86787632,20.38513138,Tracing
IMG_0119,0.9677677,1,1,15.19603699,Sketching
IMG_0120,0.861802673,0.820955889,0.84111905,17.36028882,Tracing
IMG_0121,0.942232047,0.960665712,0.991018855,15.82100706,Sketching
IMG_0122,0.96882739,0.949160449,0.945460026,15.04335282,Sketching
IMG_0123,0.795401042,0.796838284,0.877519767,17.49915143,Tracing
IMG_0124,0.733015577,0.79693817,0.758890531,19.33427508,Tracing
IMG_0125,0.768380549,0.777935502,0.760869399,16.95711807,Tracing
IMG_0126,0.828132337,0.830454164,0.859472521,18.32859412,Tracing
IMG_0127,0.94540443,0.877411623,0.835443099,15.40273915,Sketching
IMG_0128,0.958219175,0.995531853,0.879345452,14.49664304,Sketching
IMG_0129,0.702085639,0.734359848,0.7,19.01870255,Tracing
IMG_0130,0.853224191,0.961386927,0.863230207,18.45878636,Shading
IMG_0131,0.825223301,0.809834389,0.946499351,17.0863154,Tracing
IMG_0132,0.766632343,0.77758986,0.922823353,18.85896847,Tracing
IMG_0133,0.73595961,0.748428794,0.780623187,18.22964957,Tracing
IMG_0134,0.801284551,0.880157215,0.836343665,18.73865358,Shading
IMG_0135,0.982872911,0.978108135,0.85679887,15.94241407,Sketching
IMG_0136,0.79696088,0.810911956,0.758973714,19.89419564,Tracing
IMG_0137,0.855637187,0.886032012,0.800492324,16.98987826,Shading
IMG_0138,0.910905688,0.920236144,0.867446356,17.00506949,Sketching
IMG_0139,0.809088881,0.7867672,0.797318813,17.96173433,Tracing
IMG_0140,0.991534625,1,0.958488284,16.42285241,Sketching
IMG_0141,0.988734188,1,0.850183202,14.45015479,Sketching
IMG_0142,0.775534689,0.724208924,0.827888407,19.11198498,Tracing
IMG_0143,0.849174552,0.855823035,0.77408254,17.06768443,Shading
IMG_0144,0.790263493,0.755257452,0.807010773,18.08185943,Tracing
IMG_0145,0.785452148,0.84520448,0.930637935,18.30997026,Tracing
IMG_0146,0.711066084,0.7,0.7,19.58624913,Tracing
IMG_0147,0.8828693,0.854923208,0.705749174,16.64073145,Shading
IMG_0148,0.850803707,0.869664301,0.830783411,17.45265758,Shading
IMG_0149,0.715443625,0.793719827,0.7925108,20.84646368,Tracing
IMG_0150,0.783593939,0.780306426,0.920678261,19.2315406,Tracing
IMG_0151,0.972479766,0.944719789,0.886411294,16.28195811,Sketching
IMG_0152,0.771868567,0.865926421,0.806637513,17.96643197,Shading
IMG_0153,0.743468462,0.7,0.71089673,17.95873225,Tracing
IMG_0154,0.846835828,0.73689553,0.839419443,18.25276314,Tracing
IMG_0155,0.995695136,1,1,15.94061975,Sketching
IMG_0156,0.772616581,0.74751387,0.7,19.88342195,Tracing
IMG_0157,0.901640664,0.850579023,0.919402441,15.87140941,Sketching
IMG_0158,0.928485885,0.963903707,0.961224407,15.84316308,Sketching
IMG_0159,0.771291263,0.783481299,0.847296306,16.79114689,Tracing
IMG_0160,0.918464905,0.890260973,0.925323725,15.83055533,Sketching
IMG_0161,0.81033494,0.74631972,0.831898478,18.84154641,Tracing
IMG_0162,0.889691749,0.933314616,0.862276349,16.18812838,Shading
IMG_0163,0.890058913,0.922568972,0.908897799,17.2895961,Shading
IMG_0164,0.860732405,0.855773612,0.836708946,16.89851082,Shading
IMG_0165,0.727086931,0.819418781,0.770596963,19.41775306,Tracing
IMG_0166,0.950590749,0.89708651,0.924718025,14.59344738,Sketching
IMG_0167,0.796234019,0.719957761,0.822631047,18.14169916,Tracing
IMG_0168,0.755955553,0.72136015,0.753907156,15.66953073,Tracing
IMG_0169,0.712232542,0.709953242,0.79105606,19.1296157,Tracing
IMG_0170,0.877267883,0.889434855,0.873670322,15.21050851,Shading
IMG_0171,0.903269309,0.891207506,0.779157036,17.65695489,Sketching
IMG_0172,0.704976349,0.722579119,0.793310854,20.20276212,Tracing
IMG_0173,0.853627917,0.791050946,0.790226656,17.66225222,Tracing
IMG_0174,0.767948733,0.840136963,0.722185089,20.00177524,Tracing
IMG_0175,0.893551837,0.889444278,0.851855547,15.64780592,Shading
IMG_0176,0.752309929,0.80817472,0.848520595,20.46271427,Tracing
IMG_0177,0.907281321,0.924417589,0.757784126,17.32297174,Sketching
IMG_0178,0.816020604,0.838858265,1,17.52313565,Tracing
IMG_0179,0.981018997,1,1,16.4203352,Sketching
IMG_0180,0.741256283,0.763641711,0.756883007,17.77486224,Tracing
IMG_0181,0.802319905,0.834456043,0.798477325,17.14068726,Tracing
IMG_0182,0.734042056,0.800499683,0.754030842,18.38077943,Tracing
IMG_0183,0.977408085,0.987234144,1,14.80990101,Sketching
IMG_0184,0.963201806,0.998651994,1,14.49541527,Sketching
IMG_0185,0.777382488,0.772895704,0.816274801,19.56234574,Tracing
IMG_0186,0.897995214,0.970001075,0.904265861,16.27121739,Shading
IMG_0187,0.94516666,0.911347045,0.931352971,16.17500507,Sketching
IMG_0188,0.866560243,0.956607265,0.855971114,16.43124498,Shading
IMG_0189,0.858895174,0.856887276,0.845251594,15.2959691,Shading
IMG_0190,0.772555687,0.701016932,0.851919594,18.68172205,Tracing
IMG_0191,0.72793083,0.734336051,0.769479801,17.16878257,Tracing
IMG_0192,0.969164727,0.935112145,0.763337523,15.39389504,Sketching
IMG_0193,0.970125417,1,1,14.0798037,Sketching
IMG_0194,0.889930437,0.857299238,0.903561971,18.63831944,Shading
IMG_0195,0.801708937,0.779399766,0.800399324,18.88572866,Tracing
IMG_0196,0.804762872,0.710285836,0.777566581,18.03431071,Tracing
IMG_0197,0.917786704,0.895171388,0.996474594,17.49690612,Sketching
IMG_0198,0.969133078,0.847939112,1,14.61668785,Sketching
IMG_0199,0.966125927,0.886930786,0.912024491,16.05159047,Sketching
IMG_0200,0.933962664,0.971983397,0.962456324,16.19037048,Sketching
IMG_0201,0.892609494,0.931899502,0.824593522,16.87487767,Shading
IMG_0202,0.725241989,0.746514868,0.7,20.39372366,Tracing
IMG_0203,0.748488614,0.700139807,0.704618409,19.50516289,Tracing
IMG_0204,0.969566257,0.967180689,1,15.74522981,Sketching
IMG_0205,0.881928718,0.881748591,0.948647471,15.1161818,Shading
IMG_0206,0.702759115,0.7,0.738675095,18.49856697,Tracing
IMG_0207,0.730441463,0.805611378,0.781198168,18.92066912,Tracing
IMG_0208,0.899050531,0.942918645,0.935183011,16.60761441,Shading
IMG_0209,0.701518475,0.7,0.7,18.34701915,Tracing
IMG_0210,0.748242415,0.749586707,0.778476994,21.18804044,Tracing
IMG_0211,0.864620137,0.875039277,0.920648804,18.547092,Shading
IMG_0212,0.907568559,0.805481816,0.960368952,16.98858993,Sketching
IMG_0213,0.895588378,0.883229509,0.978812314,16.63821119,Shading
IMG_0214,0.767280793,0.73318158,0.816862062,18.27857914,Tracing
IMG_0215,0.913653766,0.863572766,0.938255141,15.34327504,Sketching
IMG_0216,0.771174726,0.757119712,0.846085243,18.50985962,Tracing
IMG_0217,0.797619909,0.887504236,0.795763421,18.2934539,Shading
IMG_0218,0.923947422,0.955989565,0.862216196,14.8990281,Sketching
IMG_0219,0.89488987,0.86633092,0.883475182,16.91082837,Shading
IMG_0220,0.954767023,0.983396162,0.902623838,15.5232356,Sketching
IMG_0221,0.897283868,0.96725164,0.850021388,14.63293443,Shading
IMG_0222,0.870492581,0.916724265,0.860376274,16.08222627,Shading
IMG_0223,0.72810243,0.731083949,0.7,18.66485801,Tracing
IMG_0224,0.810314741,0.777967902,0.788757434,19.73296654,Tracing
IMG_0225,0.77956071,0.814471876,0.7,18.86314247,Tracing
IMG_0226,0.773196893,0.792871162,0.788127453,17.06656504,Tracing
IMG_0227,0.991903166,1,0.99198755,15.60748879,Sketching
IMG_0228,0.817929317,0.849687907,0.760733113,16.18375625,Tracing
IMG_0229,0.967613967,1,1,16.56848156,Sketching
IMG_0230,0.889341588,0.862579827,0.954971497,16.18875153,Shading
IMG_0231,0.938443391,1,0.825914201,15.82971295,Sketching
IMG_0232,0.850791128,0.860671108,0.797400393,18.56392973,Shading
IMG_0233,0.873071165,0.976834209,0.819231201,15.61676895,Shading
IMG_0234,0.847755308,0.813295917,0.781962091,15.88655219,Tracing
IMG_0235,0.758572896,0.845371086,0.816636135,18.03780723,Tracing
IMG_0236,0.916735635,0.926631174,0.903167805,17.28734433,Sketching
IMG_0237,0.784231709,0.751660809,0.76571567,16.71717829,Tracing
IMG_0238,0.70729479,0.7,0.7,16.55842255,Tracing
IMG_0239,0.893641689,0.877624323,0.938120951,16.14421581,Shading
IMG_0240,0.753133204,0.774341501,0.7,19.25474274,Tracing
IMG_0241,0.982137575,1,0.986332859,16.46819812,Sketching
IMG_0242,0.986178573,0.957493573,1,14.74416004,Sketching
IMG_0243,0.974459317,0.973241587,1,14.97168364,Sketching
IMG_0244,0.81104761,0.918161128,0.719430182,18.98818658,Shading
IMG_0245,0.704636985,0.791014143,0.7,17.56070353,Tracing
IMG_0246,0.978495569,1,0.991365037,14.93404569,Sketching
IMG_0247,0.828455244,0.830355418,0.954491027,17.76359522,Tracing
IMG_0248,0.989996446,0.995998012,1,15.59927204,Sketching
IMG_0249,0.989085993,1,1,14.65390341,Sketching
IMG_0250,0.955902837,0.904763208,0.921488304,15.69589846,Sketching
IMG_0251,0.788334668,0.775465841,0.844833249,15.68665263,Tracing
IMG_0252,0.815529319,0.732100115,0.747381085,17.10881181,Tracing
IMG_0253,0.955341001,0.975302158,0.988686045,16.12339369,Sketching
IMG_0254,0.795076602,0.827436399,0.830459513,17.09155694,Tracing
IMG_0255,0.750847824,0.726688501,0.825062518,18.79626686,Tracing
IMG_0256,0.867040379,0.945739717,1,17.44126682,Shading
IMG_0257,0.980846432,0.919558149,1,14.94475432,Sketching
IMG_0258,0.908808939,0.835590195,0.873181485,16.53832969,Sketching
IMG_0259,0.871018351,0.882240942,0.869228149,15.97199217,Shading
IMG_0260,0.729152948,0.781507863,0.7,18.8560945,Tracing
IMG_0261,0.884502168,0.968698553,0.835872249,17.34268365,Shading
IMG_0262,0.997016155,0.974071942,0.968366384,15.20173064,Sketching
IMG_0263,0.742025205,0.795959246,0.705339017,18.28309066,Tracing
IMG_0264,0.855498896,0.853573472,0.866163737,17.39173297,Shading
IMG_0265,0.963211922,0.954580557,0.905642526,16.26643097,Sketching
IMG_0266,0.922230585,0.966413582,1,14.11659994,Sketching
IMG_0267,0.909104722,0.941720866,0.909119217,17.52250323,Sketching
IMG_0268,0.910745225,0.831925617,0.910094203,16.00256688,Sketching
IMG_0269,0.807847345,0.881674363,0.784894715,18.30777975,Shading
IMG_0270,0.788077553,0.857082121,0.798940901,19.37608362,Shading
IMG_0271,0.942808347,0.911530212,1,14.4862011,Sketching
IMG_0272,0.943034018,0.962824195,0.882334903,15.14504872,Sketching
IMG_0273,0.960121696,0.984823205,0.914053541,15.30962587,Sketching
IMG_0274,0.973972166,0.987005854,0.952711344,14.60666399,Sketching
IMG_0275,0.85340272,0.825887462,0.759191755,18.93389578,Tracing
IMG_0276,0.850454888,0.81687372,0.793106838,16.38640458,Tracing
IMG_0277,0.939488554,0.93821085,0.906153093,15.35212492,Sketching
IMG_0278,0.894989179,0.95362563,0.956196422,16.77955134,Shading
IMG_0279,0.910590063,0.937770071,0.928969356,15.13899953,Sketching
IMG_0280,0.938737801,0.920207084,0.952289095,15.52325228,Sketching
IMG_0281,0.967001603,1,1,15.81242922,Sketching
IMG_0282,0.801398547,0.7,0.791782522,17.64616139,Tracing
IMG_0283,0.812674886,0.870113171,0.840007425,17.71648985,Shading
IMG_0284,0.728194582,0.7,0.720969059,18.54774916,Tracing
IMG_0285,0.873484042,0.855361995,0.892059407,15.38326906,Shading
IMG_0286,0.710782682,0.7,0.7,19.65985298,Tracing
IMG_0287,0.839679405,0.774945332,0.7,19.15974199,Tracing
IMG_0288,0.86279339,0.92083473,0.853393849,17.07650077,Shading
IMG_0289,0.785962376,0.762577316,0.885554745,18.43582848,Tracing
IMG_0290,0.877249978,0.894575172,0.942085056,17.53397308,Shading
IMG_0291,0.709150075,0.706804046,0.776727899,18.09341838,Tracing
IMG_0292,0.711204457,0.735056498,0.797733607,21.03444781,Tracing
IMG_0293,0.946780168,0.950621263,0.9529862,16.00062627,Sketching
IMG_0294,0.808057192,0.743907581,0.821869292,19.51099901,Tracing
IMG_0295,0.738118154,0.787931495,0.7,18.1951947,Tracing
IMG_0296,0.856672978,0.831985149,0.834547878,18.96796725,Tracing
IMG_0297,0.930998066,0.853168971,0.974102046,16.81018451,Sketching
IMG_0298,0.764746308,0.74334055,0.849018219,19.08184546,Tracing
IMG_0299,0.886867143,0.961905132,0.877105903,16.93101731,Shading
IMG_0300,0.725604239,0.768115327,0.7,18.86740779,Tracing
IMG_0301,0.715504516,0.7,0.715541473,20.46796391,Tracing
IMG_0302,0.859406389,0.841943504,0.901490862,17.24926403,Tracing
IMG_0303,0.862190536,0.846108784,0.761120699,15.10007225,Tracing
IMG_0304,0.89122897,0.99506637,0.730496304,15.51437898,Shading
IMG_0305,0.9178274,0.936924173,0.879289821,16.04674325,Sketching
IMG_0306,0.992755624,1,0.907305754,15.41866463,Sketching
IMG_0307,0.854890104,0.906404277,0.819320291,17.12005994,Shading
IMG_0308,0.796886942,0.8088264,0.78654232,19.26566666,Tracing
IMG_0309,0.938555858,0.925603751,0.90682847,13.97056026,Sketching
IMG_0310,0.781249675,0.771432183,0.882922403,18.42484281,Tracing
IMG_0311,0.831691426,0.828111363,0.85456356,15.70664938,Tracing
IMG_0312,0.723536914,0.721675803,0.74457012,19.90665858,Tracing
IMG_0313,0.707605223,0.7439867,0.751159723,19.29146294,Tracing
IMG_0314,0.988794524,0.991391819,0.909076206,15.58769211,Sketching
IMG_0315,0.950794036,0.98742604,1,14.8742065,Sketching
IMG_0316,0.908792262,0.904756433,0.903488762,17.647581,Sketching
IMG_0317,0.822685883,0.826617643,0.869619527,18.70143641,Tracing
IMG_0318,0.751988296,0.7,0.7,19.30371986,Tracing
IMG_0319,0.746931113,0.792747497,0.7,18.66651606,Tracing
IMG_0320,0.775072869,0.792397293,0.832325146,18.95376424,Tracing
IMG_0321,0.864767999,0.914668505,0.891116666,16.32158744,Shading
IMG_0322,0.914378777,0.769566008,0.851235168,17.13987401,Sketching
IMG_0323,0.898059213,1,0.837182797,18.1785927,Shading
IMG_0324,0.783980169,0.777000688,0.862760604,19.31090802,Tracing
IMG_0325,0.986459584,1,0.903200752,14.47350377,Sketching
IMG_0326,0.921369075,0.869373779,1,16.54088119,Sketching
IMG_0327,0.866306216,0.896944911,0.803262764,15.71226522,Shading
IMG_0328,0.883516224,0.830845446,0.928203659,17.31964695,Tracing
IMG_0329,0.825880019,0.794691571,0.802876725,18.06240313,Tracing
IMG_0330,0.774319297,0.870020865,0.816542417,16.51539421,Shading
IMG_0331,0.806791804,0.797257684,0.768703823,16.7363391,Tracing
IMG_0332,0.927353833,0.938225477,0.91595833,15.80655361,Sketching
IMG_0333,0.704318047,0.747821433,0.707182389,19.13436955,Tracing
IMG_0334,0.734821792,0.759605887,0.7,17.76819618,Tracing
IMG_0335,0.713800793,0.721321738,0.765658497,19.68196684,Tracing
IMG_0336,0.712218641,0.730466691,0.7,19.568194,Tracing
IMG_0337,0.956638175,1,0.940636181,15.45615824,Sketching
IMG_0338,0.911097358,0.908216418,0.841492902,15.57774813,Sketching
IMG_0339,0.842252149,0.852307101,0.7,18.4149249,Shading
IMG_0340,0.729350248,0.781882968,0.715978305,20.71515339,Tracing
IMG_0341,0.847484763,0.902761059,1,16.80416708,Shading
IMG_0342,0.842041531,0.901393047,0.896963831,16.75721011,Shading
IMG_0343,0.751960561,0.783897072,0.750612334,19.21179925,Tracing
IMG_0344,0.830155495,0.773005249,0.811753137,17.1896382,Tracing
IMG_0345,0.81955142,0.901222997,0.821124033,17.56733149,Shading
IMG_0346,0.884755029,0.82743776,0.923053367,17.46832771,Tracing
IMG_0347,0.890528095,0.905659869,0.807871198,14.73272248,Shading
IMG_0348,0.713591203,0.7,0.791593722,20.61443428,Tracing
IMG_0349,0.812383784,0.809176867,0.862460476,17.88692376,Tracing
IMG_0350,0.887757975,0.904196095,0.938030976,16.27213723,Shading
IMG_0351,0.850940878,0.867008738,0.881634179,17.14665268,Shading
IMG_0352,0.956946952,0.97804299,0.958320118,15.60822507,Sketching
IMG_0353,0.897608089,0.978293653,0.944708376,14.80467735,Shading
IMG_0354,0.748880328,0.771557043,0.790307317,20.26173331,Tracing
IMG_0355,0.721170624,0.708962792,0.7,19.22376627,Tracing
IMG_0356,0.892725783,0.940930142,0.852573659,17.05211538,Shading
IMG_0357,0.707953393,0.767426918,0.715083334,20.33224887,Tracing
IMG_0358,0.875732674,0.814352284,0.984164085,15.84284743,Tracing
IMG_0359,0.982069072,1,0.895331577,15.74243581,Sketching
IMG_0360,0.872642253,0.90770089,0.769915485,16.64272511,Shading
IMG_0361,0.816450978,0.801572803,0.827984237,18.60000611,Tracing
IMG_0362,0.892986466,0.961771806,0.896548605,14.4779756,Shading
IMG_0363,0.837475867,0.829973088,0.849609784,17.33876769,Tracing
IMG_0364,0.863685037,0.869963859,0.880761761,16.44190379,Shading
IMG_0365,0.982439443,0.973785851,0.966815285,15.69567131,Sketching
IMG_0366,0.815830791,0.816609744,0.920121232,18.23258232,Tracing
IMG_0367,0.988357169,0.933543415,0.876293891,14.46701657,Sketching
IMG_0368,0.971605193,0.899602648,0.913610401,14.71374825,Sketching
IMG_0369,0.75873734,0.838462594,0.751509507,18.50827452,Tracing
IMG_0370,0.72080839,0.7,0.7,18.29123192,Tracing
IMG_0371,0.7302334,0.7,0.717923592,19.88848269,Tracing
IMG_0372,0.705466548,0.7,0.821769459,19.04879458,Tracing
IMG_0373,0.728332888,0.7,0.729794942,16.16801846,Tracing
IMG_0374,0.904902032,0.838747542,0.921051095,16.05164746,Sketching
IMG_0375,0.721356595,0.803457353,0.7,18.14110726,Tracing
IMG_0376,0.795692689,0.846183544,0.752547391,16.43333385,Tracing
IMG_0377,0.953462593,0.919055076,0.927198847,14.46063446,Sketching
IMG_0378,0.706981581,0.819603371,0.7,19.50468476,Tracing
IMG_0379,0.944340545,0.993428819,1,17.16353266,Sketching
IMG_0380,0.784556432,0.768314863,0.823594807,18.54483799,Tracing
IMG_0381,0.735449448,0.7,0.7,18.36175489,Tracing
IMG_0382,0.90902115,1,0.926276484,16.82058695,Sketching
IMG_0383,0.888682854,0.819204231,0.923558376,16.21066688,Tracing
IMG_0384,0.963241604,0.880971667,1,14.85677557,Sketching
IMG_0385,0.920521313,0.971649835,1,15.03781763,Sketching
IMG_0386,0.941044279,1,0.869987686,14.13250701,Sketching
IMG_0387,0.784610372,0.853824013,0.727850346,17.84092072,Shading
IMG_0388,0.753231863,0.781427319,0.7,18.85957554,Tracing
IMG_0389,0.925184425,0.954922143,0.908803035,16.02560995,Sketching
IMG_0390,0.942050422,0.9847212,0.974695508,15.45327675,Sketching
IMG_0391,0.997151543,1,1,14.0969808,Sketching
IMG_0392,0.823785303,0.837844874,0.818468731,18.25146665,Tracing
IMG_0393,0.811605426,0.816815481,0.789216099,16.50878669,Tracing
IMG_0394,0.932923888,0.929794232,0.943546948,16.78216959,Sketching
IMG_0395,0.802241062,0.764542833,0.743781059,16.96416705,Tracing
IMG_0396,0.979227198,0.965193444,1,14.5591568,Sketching
IMG_0397,0.957523826,0.872875985,0.844987554,14.17035743,Sketching
IMG_0398,0.828698208,0.823781227,0.841630049,17.06812473,Tracing
IMG_0399,0.92526132,0.875831765,1,17.09639265,Sketching
IMG_0400,0.926362862,0.871183396,0.926838851,16.62018516,Sketching
IMG_0401,0.730937161,0.739931868,0.717634428,20.0143647,Tracing
IMG_0402,0.970765872,1,0.945744692,15.96065447,Sketching
IMG_0403,0.851575712,0.897491542,0.838948294,16.1226945,Shading
IMG_0404,0.94793724,0.86941221,1,15.45015218,Sketching
IMG_0405,0.79601488,0.746533473,0.7,17.27957767,Tracing
IMG_0406,0.968656969,1,1,16.80072038,Sketching
IMG_0407,0.816760504,0.767636134,0.717083503,16.5518038,Tracing
IMG_0408,0.703251295,0.7,0.7,20.34492826,Tracing
IMG_0409,0.971614593,0.999117198,0.941567484,16.31873498,Sketching
IMG_0410,0.727386003,0.7,0.768584732,20.91883016,Tracing
IMG_0411,0.795794091,0.801062867,0.7,17.65340204,Tracing
IMG_0412,0.98501859,0.918317315,1,15.93704331,Sketching
IMG_0413,0.985182144,0.955113762,1,17.50391968,Sketching
IMG_0414,0.872031366,0.888020463,0.776609186,16.30188783,Shading
IMG_0415,0.889551164,0.809901477,0.902830595,15.1216923,Tracing
IMG_0416,0.834533657,0.856557393,0.788194904,15.60198512,Shading
IMG_0417,0.787963232,0.786981342,0.817775336,18.89326356,Tracing
IMG_0418,0.798599364,0.826223861,0.799939708,16.13785934,Tracing
IMG_0419,0.901755537,0.912951244,0.856851453,16.10134789,Sketching
IMG_0420,0.925712359,0.99391938,0.959863419,16.5516278,Sketching
IMG_0421,0.937473713,0.943734938,1,16.12306984,Sketching
IMG_0422,0.936885443,0.915415166,0.923522177,16.37216322,Sketching
IMG_0423,0.727361831,0.733476706,0.777744887,19.31186239,Tracing
IMG_0424,0.848326091,0.875490993,0.757796984,18.55397444,Shading
IMG_0425,0.717267628,0.719710632,0.7,18.2886692,Tracing
IMG_0426,0.864858665,0.866888249,0.897927104,16.35012489,Shading
IMG_0427,0.83245915,0.797359566,0.936347272,16.7404533,Tracing
IMG_0428,0.966311255,0.933166209,0.991204189,16.33552299,Sketching
IMG_0429,0.805274504,0.73514424,0.783360442,18.82128103,Tracing
IMG_0430,0.735120105,0.822598942,0.735070503,19.42442375,Tracing
IMG_0431,0.742897505,0.7,0.7,20.0400311,Tracing
IMG_0432,0.92845319,0.89380793,0.970769262,14.89516129,Sketching
IMG_0433,0.885465419,0.849545056,0.947228733,18.38524283,Tracing
IMG_0434,0.730336803,0.775083022,0.7,20.56818658,Tracing
IMG_0435,0.725232042,0.710484558,0.7,19.85714137,Tracing
IMG_0436,0.910290739,0.972677843,0.928902216,18.12743782,Sketching
IMG_0437,0.721828902,0.7,0.7,17.51594326,Tracing
IMG_0438,0.946558018,0.960507726,0.941928735,15.2771816,Sketching
IMG_0439,0.911872668,0.870105315,1,15.58660652,Sketching
IMG_0440,0.724404634,0.831662091,0.707112835,19.85540981,Tracing
IMG_0441,0.725451314,0.7,0.700367504,18.06808955,Tracing
IMG_0442,0.995991874,1,0.950663947,15.81761705,Sketching
IMG_0443,0.812281239,0.843970083,0.864374677,19.18631756,Tracing
IMG_0444,0.811192644,0.831882599,0.798506952,18.52731324,Tracing
IMG_0445,0.94383987,0.934575487,0.898383757,16.12615297,Sketching
IMG_0446,0.984174573,0.977683538,1,14.24950806,Sketching
IMG_0447,0.995800319,0.997990893,1,14.21614425,Sketching
IMG_0448,0.926013456,0.918663355,0.883983806,17.35941707,Sketching
IMG_0449,0.812877876,0.861071831,0.7,18.58618087,Shading
IMG_0450,0.725050215,0.835576365,0.795576173,19.08522726,Tracing
IMG_0451,0.933144075,0.905269486,0.885219987,15.58492933,Sketching
IMG_0452,0.867521275,0.799031126,0.922865067,14.961373,Tracing
IMG_0453,0.827266603,0.8228525,0.7,16.52014854,Tracing
IMG_0454,0.971906316,1,1,17.33282435,Sketching
IMG_0455,0.733359245,0.7,0.7,17.71915576,Tracing
IMG_0456,0.847787531,0.929743372,0.89894102,17.47266685,Shading
IMG_0457,0.703406093,0.787291134,0.704405208,20.45635257,Tracing
IMG_0458,0.840598193,0.812918781,0.773822433,16.13610444,Tracing
IMG_0459,0.716890983,0.745340137,0.7,19.43134573,Tracing
IMG_0460,0.735645375,0.817065206,0.783687667,19.90323491,Tracing
IMG_0461,0.735257874,0.716301487,0.742670486,18.98363121,Tracing
IMG_0462,0.894763091,0.884584073,0.935671999,19.4469567,Shading
IMG_0463,0.923813464,0.894729418,1,14.47419878,Sketching
IMG_0464,0.87501063,0.824272793,0.765513717,17.93356909,Tracing
IMG_0465,0.988651765,0.956187887,1,14.99742179,Sketching
IMG_0466,0.812461174,0.751264161,0.819766089,18.58500255,Tracing
IMG_0467,0.785713626,0.787417799,0.722798743,18.65560276,Tracing
IMG_0468,0.960579738,0.922081077,0.867457785,14.85814773,Sketching
IMG_0469,0.767078752,0.778768047,0.753840324,18.72281512,Tracing
IMG_0470,0.988966762,0.91117198,1,13.30759712,Sketching
IMG_0471,0.703646342,0.720190354,0.7,20.04855236,Tracing
IMG_0472,0.990963648,1,1,15.43370375,Sketching
IMG_0473,0.712947974,0.7,0.7,19.94444056,Tracing
IMG_0474,0.967342934,0.986045763,0.966496708,16.54797431,Sketching
IMG_0475,0.858310333,0.919693782,0.770642792,17.49296485,Shading
IMG_0476,0.997889439,0.937407388,1,15.17974784,Sketching
IMG_0477,0.722138969,0.805767589,0.784221087,18.28684712,Tracing
IMG_0478,0.866156285,0.887107236,0.83670296,16.29543496,Shading
IMG_0479,0.990790761,0.955540168,0.808495791,16.32487321,Sketching
IMG_0480,0.856929353,0.854140899,0.870855724,18.58239511,Shading
IMG_0481,0.888819591,0.916735937,0.91939129,16.42959569,Shading
IMG_0482,0.908724607,0.912524876,0.93702524,16.41513365,Sketching
IMG_0483,0.836362319,0.863300119,0.922867073,16.54995083,Shading
IMG_0484,0.888267424,0.842233744,0.813293666,17.84874548,Tracing
IMG_0485,0.875294294,0.883762335,0.922909421,17.53600242,Shading
IMG_0486,0.970347403,0.899661678,1,17.38600639,Sketching
IMG_0487,0.713633914,0.708072611,0.7,18.41716821,Tracing
IMG_0488,0.784288957,0.739093575,0.806664585,17.85765775,Tracing
IMG_0489,0.985123445,0.948346948,0.949830857,15.45459424,Sketching
IMG_0490,0.967079135,1,0.961372548,16.14030251,Sketching
IMG_0491,0.836697026,0.891262532,0.86103438,17.23387697,Shading
IMG_0492,0.886039779,0.916496685,0.85193378,15.83644222,Shading
IMG_0493,0.783214355,0.728598717,0.735914789,19.13319221,Tracing
IMG_0494,0.756436348,0.740615925,0.758827017,19.37459014,Tracing
IMG_0495,0.839109521,0.899764406,0.763002306,16.49708308,Shading
IMG_0496,0.806005668,0.813091514,0.729997909,19.26535777,Tracing
IMG_0497,0.875096834,0.991063311,0.922652963,18.04374621,Shading
IMG_0498,0.723320391,0.742986283,0.7,19.28449063,Tracing
IMG_0499,0.992318442,1,1,15.19482123,Sketching
IMG_0500,0.995863223,0.9804074,1,15.61610942,Sketching
IMG_0501,0.909448514,0.916125559,0.788642043,15.49656922,Sketching
IMG_0502,0.86082891,0.853205418,0.813399384,17.11759783,Shading
IMG_0503,0.792858285,0.828263719,0.876445943,15.95474218,Tracing
IMG_0504,0.944138506,0.991973622,0.875456919,16.71437806,Sketching
IMG_0505,0.905419352,0.866119879,0.872911053,14.8572165,Sketching
IMG_0506,0.748785082,0.7,0.781129344,20.2716436,Tracing
IMG_0507,0.973278155,0.881467887,1,15.07070758,Sketching
IMG_0508,0.946761173,0.972160739,0.929153451,15.58691542,Sketching
IMG_0509,0.984939974,0.929771644,0.94311426,14.59816648,Sketching
IMG_0510,0.917715853,0.810071323,1,15.94622334,Sketching
IMG_0511,0.884024559,0.903453489,1,18.15816296,Shading
IMG_0512,0.825472911,0.950122887,0.893992974,15.13009768,Shading
IMG_0513,0.979818545,0.979514999,0.985790815,16.57968721,Sketching
IMG_0514,0.959819167,1,0.903240566,15.94073598,Sketching
IMG_0515,0.713565601,0.717657069,0.7,18.08949434,Tracing
IMG_0516,0.707910092,0.70296561,0.74448608,18.30603622,Tracing
IMG_0517,0.81293901,0.858892834,0.842226886,19.48230788,Shading
IMG_0518,0.943165999,0.928652272,1,14.90700313,Sketching
IMG_0519,0.996182839,1,1,13.90390691,Sketching
IMG_0520,0.745125067,0.761209958,0.7,19.96043853,Tracing
IMG_0521,0.878239215,0.844834692,0.951875548,17.16496466,Tracing
IMG_0522,0.814267257,0.863869374,0.744403013,16.84806557,Shading
IMG_0523,0.990974319,0.982226332,0.96409633,15.35201019,Sketching
IMG_0524,0.952635677,0.914848419,0.970149691,14.68471216,Sketching
IMG_0525,0.951498611,0.978324104,1,16.82834223,Sketching
IMG_0526,0.840607948,0.795684549,1,18.45225175,Tracing
IMG_0527,0.824445851,0.825854909,0.866916465,18.16531844,Tracing
IMG_0528,0.782022122,0.781566172,0.769198358,18.63132924,Tracing
IMG_0529,0.716912649,0.771207427,0.754328044,21.00749839,Tracing
IMG_0530,0.959416713,0.983151625,1,15.60843563,Sketching
IMG_0531,0.943870303,0.942618955,0.921423569,14.66007133,Sketching
IMG_0532,0.999915302,1,1,15.45074438,Sketching
IMG_0533,0.998991051,1,1,17.10118128,Sketching
IMG_0534,0.866629512,0.894520027,0.901471528,15.98579783,Shading
IMG_0535,0.930696225,0.931213856,0.977310922,15.67809386,Sketching
IMG_0536,0.983429719,0.917837907,1,15.66500025,Sketching
IMG_0537,0.954894217,0.901638534,1,15.62268189,Sketching
IMG_0538,0.774204431,0.758943195,0.730996707,17.40462996,Tracing
IMG_0539,0.835163241,0.80468763,0.796082118,18.59440925,Tracing
IMG_0540,0.738747825,0.729399259,0.7,21.23882335,Tracing
IMG_0541,0.986215308,0.989047804,1,15.40290184,Sketching
IMG_0542,0.88185239,0.908337028,0.936377946,15.86814586,Shading
IMG_0543,0.768592842,0.765067903,0.800636942,16.92214685,Tracing
IMG_0544,0.901510205,0.925835288,1,16.7353229,Sketching
IMG_0545,0.885438472,0.888662193,0.885046751,17.82230026,Shading
IMG_0546,0.807448815,0.708675487,0.854260731,18.36343552,Tracing
IMG_0547,0.734067278,0.7,0.7,18.98658699,Tracing
IMG_0548,0.901471959,0.894267581,0.87437498,15.88864897,Sketching
IMG_0549,0.85609231,0.795607573,0.904779953,16.06645171,Tracing
IMG_0550,0.931695518,0.961691954,0.991132665,16.85931856,Sketching
IMG_0551,0.85604905,0.932586592,0.835471364,18.07303587,Shading
IMG_0552,0.95565445,1,0.950642502,14.11945346,Sketching
IMG_0553,0.865572052,0.854899908,0.759320889,18.6062582,Shading
IMG_0554,0.868281391,0.942817698,0.843289347,17.54985035,Shading
IMG_0555,0.962996081,0.970429454,1,16.95465343,Sketching
IMG_0556,0.82104486,0.804190561,0.861309211,16.34219935,Tracing
IMG_0557,0.740204569,0.709534435,0.775251169,17.53110732,Tracing
IMG_0558,0.708634803,0.7,0.712118961,19.22150865,Tracing
IMG_0559,0.926541177,0.907132336,0.927035598,16.60466678,Sketching
IMG_0560,0.886092865,0.894613677,0.839870386,18.50496784,Shading
IMG_0561,0.91122393,0.919252629,0.96014192,17.03771996,Sketching
IMG_0562,0.763889248,0.764041549,0.793357355,18.29898,Tracing
IMG_0563,0.740911443,0.762758351,0.775352762,17.85995915,Tracing
IMG_0564,0.7043634,0.763895713,0.7,20.66454958,Tracing
IMG_0565,0.805176268,0.852653974,0.7,16.95765056,Shading
IMG_0566,0.876975306,0.802730408,0.953775996,18.47383896,Tracing
IMG_0567,0.817673214,0.7,0.784154592,17.45051715,Tracing
IMG_0568,0.831242477,0.877958472,0.770848173,19.12194492,Shading
IMG_0569,0.971247608,0.902903673,1,16.11021716,Sketching
IMG_0570,0.80447664,0.79323837,0.777035755,17.79585491,Tracing
IMG_0571,0.854196847,0.795691195,0.928392394,16.66765093,Tracing
IMG_0572,0.935095904,0.844996882,0.97828632,15.63265357,Sketching
IMG_0573,0.818962835,0.846035971,0.866812687,18.14387417,Tracing
IMG_0574,0.88662601,0.924583768,0.79100911,16.77776635,Shading
IMG_0575,0.958709113,0.929883593,1,15.0255519,Sketching
IMG_0576,0.984856187,0.855304072,1,15.06152578,Sketching
IMG_0577,0.744122044,0.716809822,0.718272645,18.91674637,Tracing
IMG_0578,0.977976288,0.997566488,0.98801348,13.20162159,Sketching
IMG_0579,0.847634888,0.773689309,0.723298422,17.7436448,Tracing
IMG_0580,0.777473316,0.786641312,0.806079013,17.35817903,Tracing
IMG_0581,0.837740727,0.836975234,0.765684721,16.28055669,Tracing
IMG_0582,0.994009773,1,0.899322853,13.40250906,Sketching
IMG_0583,0.847785428,0.853764447,0.741220285,15.48932608,Shading
IMG_0584,0.798625483,0.749972036,0.876513669,16.66517025,Tracing
IMG_0585,0.890020256,0.949848831,0.845971819,15.9406752,Shading
IMG_0586,0.772043686,0.764117207,0.879404625,20.37260385,Tracing
IMG_0587,0.722758998,0.721393771,0.7,18.63273535,Tracing
IMG_0588,0.738663917,0.7,0.7,19.09779136,Tracing
IMG_0589,0.738413752,0.716249639,0.7,19.32427511,Tracing
IMG_0590,0.745570808,0.701330672,0.832077621,18.94750307,Tracing
IMG_0591,0.741648152,0.733000849,0.730735279,18.79783426,Tracing
IMG_0592,0.892262423,0.977847847,0.853882313,15.42076988,Shading
IMG_0593,0.754564025,0.7,0.765765301,20.13246717,Tracing
IMG_0594,0.803700185,0.723022115,0.838824977,19.75169387,Tracing
IMG_0595,0.969036523,1,1,13.78179346,Sketching
IMG_0596,0.842188492,0.831722308,0.943583438,16.34314403,Tracing
IMG_0597,0.900267322,0.866813685,0.875083516,16.21617983,Sketching
IMG_0598,0.751695961,0.803691196,0.7,17.76002278,Tracing
IMG_0599,0.757686706,0.727405929,0.728744144,19.14066497,Tracing
IMG_0600,0.712260585,0.803561071,0.73048022,18.58781902,Tracing
IMG_0601,0.750680519,0.784576812,0.7,20.90484828,Tracing
IMG_0602,0.783577102,0.759181531,0.716576538,19.43689207,Tracing
IMG_0603,0.753103145,0.860968556,0.777168297,18.91602685,Shading
IMG_0604,0.72661076,0.7,0.723205096,20.12782486,Tracing
IMG_0605,0.736190761,0.77329553,0.738486551,20.063039,Tracing
IMG_0606,0.83823363,0.853198259,0.785138957,16.86254806,Shading
IMG_0607,0.761900116,0.82698718,0.745772066,17.75528102,Tracing
IMG_0608,0.809280958,0.887356518,0.744584638,17.93892869,Shading
IMG_0609,0.851025181,0.852625389,0.91333907,18.09625841,Shading
IMG_0610,0.907118449,0.869447555,0.979585902,16.53228367,Sketching
IMG_0611,0.711793642,0.734792249,0.7,17.74609889,Tracing
IMG_0612,0.93982312,0.905937351,0.874757359,15.09982876,Sketching
IMG_0613,0.888370117,0.989039479,0.783613069,16.60047538,Shading
IMG_0614,0.72452771,0.731354476,0.7,19.05641875,Tracing
IMG_0615,0.962073587,0.94380751,0.956232929,17.54143837,Sketching
IMG_0616,0.97626172,0.985495735,0.874786555,13.97008626,Sketching
IMG_0617,0.718323388,0.7,0.7,19.73073842,Tracing
IMG_0618,0.783063294,0.734482593,0.712786278,19.74316369,Tracing
IMG_0619,0.941860384,1,0.956369097,18.14354399,Sketching
IMG_0620,0.924477907,0.891633193,0.929332011,15.72843397,Sketching
IMG_0621,0.755356306,0.703010757,0.704834677,19.16108487,Tracing
IMG_0622,0.762804797,0.789637435,0.775182258,19.1276884,Tracing
IMG_0623,0.811141631,0.870426839,0.772874025,18.02835727,Shading
IMG_0624,0.845356896,0.881304561,0.826341038,17.22080137,Shading
IMG_0625,0.885476431,0.935278816,1,17.15382892,Shading
IMG_0626,0.810674092,0.772834337,0.904506365,15.30764254,Tracing
IMG_0627,0.838760415,0.767669882,0.747789728,18.10066327,Tracing
IMG_0628,0.924241281,0.999307964,0.982322551,16.26255868,Sketching
IMG_0629,0.711004961,0.7,0.76780272,19.11245069,Tracing
IMG_0630,0.775731083,0.763189432,0.7,20.41089595,Tracing
IMG_0631,0.914004876,0.980414583,0.971319311,15.61499284,Sketching
IMG_0632,0.968562051,0.996373552,1,15.06849324,Sketching
IMG_0633,0.853503233,0.876297621,0.774925096,19.18900481,Shading
IMG_0634,0.859634046,0.967884163,0.795408848,16.27342801,Shading
IMG_0635,0.732151603,0.7,0.803387906,18.46761067,Tracing
IMG_0636,0.83422371,0.880615716,0.853228382,17.33961893,Shading
IMG_0637,0.85978518,0.862635836,0.898388519,17.94395678,Shading
IMG_0638,0.772741151,0.786170765,0.796582396,18.61668524,Tracing
IMG_0639,0.780772969,0.857196391,0.808121684,16.99578011,Shading
IMG_0640,0.813185249,0.838577037,0.7203322,17.2700527,Tracing
IMG_0641,0.706021359,0.732936163,0.779333599,18.80232518,Tracing
IMG_0642,0.79662375,0.850249117,0.878495049,17.97342271,Shading
IMG_0643,0.763434402,0.745186766,0.74737705,18.97432763,Tracing
IMG_0644,0.798249206,0.756288722,0.795205819,18.44446767,Tracing
IMG_0645,0.73592864,0.7,0.7,17.18505865,Tracing
IMG_0646,0.967158184,0.868840355,1,16.55656822,Sketching
IMG_0647,0.878077736,0.980888093,0.918121757,17.08140281,Shading
IMG_0648,0.903730696,0.848570277,0.899377325,17.82857161,Sketching
IMG_0649,0.936751372,0.92568869,1,16.39292775,Sketching
IMG_0650,0.84953266,0.835691995,0.826147254,18.35833306,Tracing
IMG_0651,0.726076086,0.741446421,0.765598501,19.57540402,Tracing
IMG_0652,0.861131963,0.901918823,0.789755459,18.42924632,Shading
IMG_0653,0.876052335,0.91907601,0.874403685,17.3814656,Shading
IMG_0654,0.923631842,0.89447797,0.911427044,16.04760712,Sketching
IMG_0655,0.829497864,0.821141778,0.845269418,19.82996676,Tracing
IMG_0656,0.738274091,0.752403088,0.712407206,19.81492576,Tracing
IMG_0657,0.785132772,0.772698215,0.77592969,18.79675284,Tracing
IMG_0658,0.808924689,0.889291968,0.866747991,16.58982525,Shading
IMG_0659,0.893775172,0.91832392,0.863201676,15.3050648,Shading
IMG_555,0.66,0.68,0.57,18,Sketching
IMG_556,0.61,0.67,0.49,41,Shading
IMG_557,0.75,0.81,0.63,35,Sketching
IMG_558,0.76,0.74,0.64,12,Tracing
IMG_559,0.85,0.89,0.72,12,Shading
IMG_560,0.87,0.92,0.71,28,Sketching
IMG_561,0.65,0.72,0.56,19,Tracing
IMG_562,0.64,0.68,0.56,11,Shading
IMG_563,0.87,0.87,0.71,49,Shading
IMG_564,0.65,0.7,0.56,27,Tracing
IMG_565,0.84,0.89,0.68,45,Sketching
IMG_566,0.68,0.75,0.55,32,Tracing
IMG_567,0.79,0.83,0.64,21,Tracing
IMG_568,0.57,0.63,0.46,18,Sketching
IMG_569,0.82,0.82,0.7,39,Tracing
IMG_570,0.77,0.76,0.62,18,Shading
IMG_571,0.81,0.81,0.66,25,Shading
IMG_572,0.62,0.66,0.5,34,Tracing
IMG_573,0.86,0.86,0.7,25,Tracing
IMG_574,0.86,0.9,0.69,30,Shading
IMG_575,0.65,0.68,0.55,18,Tracing
IMG_576,0.63,0.63,0.51,28,Tracing
IMG_577,0.55,0.61,0.48,12,Shading
IMG_578,0.75,0.82,0.64,30,Sketching
IMG_579,0.8,0.81,0.64,48,Shading
IMG_580,0.74,0.79,0.64,32,Shading
IMG_581,0.67,0.68,0.54,48,Tracing
IMG_582,0.7,0.74,0.57,17,Shading
IMG_583,0.81,0.81,0.65,29,Tracing
IMG_584,0.79,0.77,0.65,26,Sketching
IMG_585,0.94,0.95,0.78,8,Tracing
IMG_586,0.61,0.65,0.53,14,Tracing
IMG_587,0.78,0.84,0.64,11,Shading
IMG_588,0.71,0.74,0.6,8,Shading
IMG_589,0.68,0.75,0.55,22,Sketching
IMG_590,0.77,0.85,0.65,47,Shading
IMG_591,0.81,0.84,0.66,19,Tracing
IMG_592,0.91,0.95,0.74,29,Tracing
IMG_593,0.68,0.64,0.55,29,Sketching
IMG_594,0.6,0.64,0.49,24,Sketching
IMG_595,0.79,0.85,0.66,36,Shading
IMG_596,0.73,0.8,0.63,21,Shading
IMG_597,0.72,0.7,0.58,27,Shading
IMG_598,0.64,0.63,0.55,40,Tracing
IMG_599,0.65,0.63,0.55,22,Tracing
IMG_600,0.91,0.91,0.77,19,Tracing
IMG_601,0.66,0.67,0.54,47,Sketching
IMG_602,0.68,0.71,0.57,27,Shading
IMG_603,0.65,0.68,0.57,37,Tracing
IMG_604,0.71,0.72,0.6,45,Shading
IMG_605,0.6,0.62,0.5,10,Tracing
IMG_606,0.75,0.78,0.61,35,Sketching
IMG_607,0.65,0.62,0.53,33,Shading
IMG_608,0.89,0.88,0.74,37,Shading
IMG_609,0.69,0.68,0.59,20,Sketching
IMG_610,0.79,0.79,0.64,20,Shading
IMG_611,0.89,0.91,0.74,9,Sketching
IMG_612,0.76,0.83,0.64,44,Tracing
IMG_613,0.72,0.79,0.6,45,Shading
IMG_614,0.71,0.71,0.6,9,Sketching
IMG_615,0.72,0.72,0.62,43,Sketching
IMG_616,0.75,0.83,0.62,33,Shading
IMG_617,0.95,0.95,0.8,18,Sketching
IMG_618,0.76,0.83,0.62,15,Tracing
IMG_619,0.75,0.8,0.61,47,Tracing
IMG_620,0.84,0.86,0.69,29,Tracing
IMG_621,0.7,0.76,0.57,27,Sketching
IMG_622,0.56,0.62,0.46,15,Sketching
IMG_623,0.75,0.8,0.61,36,Sketching
IMG_624,0.92,0.94,0.78,47,Tracing
